Fecha,SupraCanal,SupraCanal_Origen,Leads_brutos_C2C,Leads_brutos_IB,Leads_utiles_C2C,Leads_utiles_IB,Llamadas_entrantes_C2C,Llamadas_entrantes_IB,Clientes,Inversion,Inversion_Fee,Ventas_BI,Oportunidades_BI,Altas
2024-06-01,Terceros,,0,0,0,0,0,0,0,827.7,827.7,0,0,0
2024-06-02,Terceros,,0,0,0,0,0,0,0,827.7,827.7,0,0,0
2024-06-03,Terceros,,0,0,0,0,0,0,0,827.7,827.7,0,0,0
2024-06-04,Terceros,,0,0,0,0,0,0,0,827.7,827.7,0,0,0
2024-06-05,Terceros,,0,0,0,0,0,0,0,827.7,827.7,0,0,0
2024-06-06,Terceros,,0,0,0,0,0,0,0,827.7,827.7,0,0,0
2024-06-07,Terceros,,0,0,0,0,0,0,0,827.7,827.7,0,0,0
2024-06-08,Terceros,,0,0,0,0,0,0,0,827.7,827.7,0,0,0
2024-06-09,Terceros,,0,0,0,0,0,0,0,827.7,827.7,0,0,0
2024-06-10,Terceros,,0,0,0,0,0,0,0,827.7,827.7,0,0,0
2024-06-11,Terceros,,0,0,0,0,0,0,0,827.7,827.7,0,0,0
2024-06-12,Terceros,,0,0,0,0,0,0,0,827.7,827.7,0,0,0
2024-06-13,Terceros,,0,0,0,0,0,0,0,827.7,827.7,0,0,0
2024-06-14,Terceros,,0,0,0,0,0,0,0,827.7,827.7,0,0,0
2024-06-15,Terceros,,0,0,0,0,0,0,0,827.7,827.7,0,0,0
2024-06-16,Terceros,,0,0,0,0,0,0,0,827.7,827.7,0,0,0
2024-06-17,Terceros,,0,0,0,0,0,0,0,827.7,827.7,0,0,0
2024-06-18,Terceros,,0,0,0,0,0,0,0,827.7,827.7,0,0,0
2024-06-19,Terceros,,0,0,0,0,0,0,0,827.7,827.7,0,0,0
2024-06-20,Terceros,,0,0,0,0,0,0,0,827.7,827.7,0,0,0
2024-06-21,Terceros,,0,0,0,0,0,0,0,827.7,827.7,0,0,0
2024-06-22,Terceros,,0,0,0,0,0,0,0,827.7,827.7,0,0,0
2024-06-23,Terceros,,0,0,0,0,0,0,0,827.7,827.7,0,0,0
2024-06-24,Terceros,,0,0,0,0,0,0,0,827.7,827.7,0,0,0
2024-06-25,Terceros,,0,0,0,0,0,0,0,827.7,827.7,0,0,0
2024-06-26,Terceros,,0,0,0,0,0,0,0,827.7,827.7,0,0,0
2024-06-27,Terceros,,0,0,0,0,0,0,0,827.7,827.7,0,0,0
2024-06-28,Terceros,,0,0,0,0,0,0,0,827.7,827.7,0,0,0
2024-06-29,Terceros,,0,0,0,0,0,0,0,827.7,827.7,0,0,0
2024-06-30,Terceros,,0,0,0,0,0,0,0,827.7,827.7,0,0,0
2024-07-01,Terceros,,0,0,0,0,0,0,0,801,801,0,0,0
2024-07-02,Terceros,,0,0,0,0,0,0,0,801,801,0,0,0
2024-07-03,Terceros,,0,0,0,0,0,0,0,801,801,0,0,0
2024-07-04,Terceros,,0,0,0,0,0,0,0,801,801,0,0,0
2024-07-05,Terceros,,0,0,0,0,0,0,0,801,801,0,0,0
2024-07-06,Terceros,,0,0,0,0,0,0,0,801,801,0,0,0
2024-07-07,Terceros,,0,0,0,0,0,0,0,801,801,0,0,0
2024-07-08,Terceros,,0,0,0,0,0,0,0,801,801,0,0,0
2024-07-09,Terceros,,0,0,0,0,0,0,0,801,801,0,0,0
2024-07-10,Terceros,,0,0,0,0,0,0,0,801,801,0,0,0
2024-07-11,Terceros,,0,0,0,0,0,0,0,801,801,0,0,0
2024-07-12,Terceros,,0,0,0,0,0,0,0,801,801,0,0,0
2024-07-13,Terceros,,0,0,0,0,0,0,0,801,801,0,0,0
2024-07-14,Terceros,,0,0,0,0,0,0,0,801,801,0,0,0
2024-07-15,Terceros,,0,0,0,0,0,0,0,801,801,0,0,0
2024-07-16,Terceros,,0,0,0,0,0,0,0,801,801,0,0,0
2024-07-17,Terceros,,0,0,0,0,0,0,0,801,801,0,0,0
2024-07-18,Terceros,,0,0,0,0,0,0,0,801,801,0,0,0
2024-07-19,Terceros,,0,0,0,0,0,0,0,801,801,0,0,0
2024-07-20,Terceros,,0,0,0,0,0,0,0,801,801,0,0,0
2024-07-21,Terceros,,0,0,0,0,0,0,0,801,801,0,0,0
2024-07-22,Terceros,,0,0,0,0,0,0,0,801,801,0,0,0
2024-07-23,Terceros,,0,0,0,0,0,0,0,801,801,0,0,0
2024-07-24,Terceros,,0,0,0,0,0,0,0,801,801,0,0,0
2024-07-25,Terceros,,0,0,0,0,0,0,0,801,801,0,0,0
2024-07-26,Terceros,,0,0,0,0,0,0,0,801,801,0,0,0
2024-07-27,Terceros,,0,0,0,0,0,0,0,801,801,0,0,0
2024-07-28,Terceros,,0,0,0,0,0,0,0,801,801,0,0,0
2024-07-29,Terceros,,0,0,0,0,0,0,0,801,801,0,0,0
2024-07-30,Terceros,,0,0,0,0,0,0,0,801,801,0,0,0
2024-07-31,Terceros,,0,0,0,0,0,0,0,801,801,0,0,0
2024-08-01,Terceros,,0,0,0,0,0,0,0,801,801,0,0,0
2024-08-02,Terceros,,0,0,0,0,0,0,0,801,801,0,0,0
2024-08-03,Terceros,,0,0,0,0,0,0,0,801,801,0,0,0
2024-08-04,Terceros,,0,0,0,0,0,0,0,801,801,0,0,0
2024-08-05,Terceros,,0,0,0,0,0,0,0,801,801,0,0,0
2024-08-06,Terceros,,0,0,0,0,0,0,0,801,801,0,0,0
2024-08-07,Terceros,,0,0,0,0,0,0,0,801,801,0,0,0
2024-08-08,Terceros,,0,0,0,0,0,0,0,801,801,0,0,0
2024-08-09,Terceros,,0,0,0,0,0,0,0,801,801,0,0,0
2024-08-10,Terceros,,0,0,0,0,0,0,0,801,801,0,0,0
2024-08-11,Terceros,,0,0,0,0,0,0,0,801,801,0,0,0
2024-08-12,Terceros,,0,0,0,0,0,0,0,801,801,0,0,0
2024-08-13,Terceros,,0,0,0,0,0,0,0,801,801,0,0,0
2024-08-14,Terceros,,0,0,0,0,0,0,0,801,801,0,0,0
2024-08-15,Terceros,,0,0,0,0,0,0,0,801,801,0,0,0
2024-08-16,Terceros,,0,0,0,0,0,0,0,801,801,0,0,0
2024-08-17,Terceros,,0,0,0,0,0,0,0,801,801,0,0,0
2024-08-18,Terceros,,0,0,0,0,0,0,0,801,801,0,0,0
2024-08-19,Terceros,,0,0,0,0,0,0,0,801,801,0,0,0
2024-08-20,Terceros,,0,0,0,0,0,0,0,801,801,0,0,0
2024-08-21,Terceros,,0,0,0,0,0,0,0,801,801,0,0,0
2024-08-22,Terceros,,0,0,0,0,0,0,0,801,801,0,0,0
2024-08-23,Terceros,,0,0,0,0,0,0,0,801,801,0,0,0
2024-08-24,Terceros,,0,0,0,0,0,0,0,801,801,0,0,0
2024-08-25,Terceros,,0,0,0,0,0,0,0,801,801,0,0,0
2024-08-26,Terceros,,0,0,0,0,0,0,0,801,801,0,0,0
2024-08-27,Terceros,,0,0,0,0,0,0,0,801,801,0,0,0
2024-08-28,Terceros,,0,0,0,0,0,0,0,801,801,0,0,0
2024-08-29,Terceros,,0,0,0,0,0,0,0,801,801,0,0,0
2024-08-30,Terceros,,0,0,0,0,0,0,0,801,801,0,0,0
2024-08-31,Terceros,,0,0,0,0,0,0,0,801,801,0,0,0
2024-09-01,Terceros,,0,0,0,0,0,0,0,812.7,812.7,0,0,0
2024-09-02,Terceros,,0,0,0,0,0,0,0,812.7,812.7,0,0,0
2024-09-03,Terceros,,0,0,0,0,0,0,0,812.7,812.7,0,0,0
2024-09-04,Terceros,,0,0,0,0,0,0,0,812.7,812.7,0,0,0
2024-09-05,Terceros,,0,0,0,0,0,0,0,812.7,812.7,0,0,0
2024-09-06,Terceros,,0,0,0,0,0,0,0,812.7,812.7,0,0,0
2024-09-07,Terceros,,0,0,0,0,0,0,0,812.7,812.7,0,0,0
2024-09-08,Terceros,,0,0,0,0,0,0,0,812.7,812.7,0,0,0
2024-09-09,Terceros,,0,0,0,0,0,0,0,812.7,812.7,0,0,0
2024-09-10,Terceros,,0,0,0,0,0,0,0,812.7,812.7,0,0,0
2024-09-11,Terceros,,0,0,0,0,0,0,0,812.7,812.7,0,0,0
2024-09-12,Terceros,,0,0,0,0,0,0,0,812.7,812.7,0,0,0
2024-09-13,Terceros,,0,0,0,0,0,0,0,812.7,812.7,0,0,0
2024-09-14,Terceros,,0,0,0,0,0,0,0,812.7,812.7,0,0,0
2024-09-15,Terceros,,0,0,0,0,0,0,0,812.7,812.7,0,0,0
2024-09-16,Terceros,,0,0,0,0,0,0,0,812.7,812.7,0,0,0
2024-09-17,Terceros,,0,0,0,0,0,0,0,812.7,812.7,0,0,0
2024-09-18,Terceros,,0,0,0,0,0,0,0,812.7,812.7,0,0,0
2024-09-19,Terceros,,0,0,0,0,0,0,0,812.7,812.7,0,0,0
2024-09-20,Terceros,,0,0,0,0,0,0,0,812.7,812.7,0,0,0
2024-09-21,Terceros,,0,0,0,0,0,0,0,812.7,812.7,0,0,0
2024-09-22,Terceros,,0,0,0,0,0,0,0,812.7,812.7,0,0,0
2024-09-23,Terceros,,0,0,0,0,0,0,0,812.7,812.7,0,0,0
2024-09-24,Terceros,,0,0,0,0,0,0,0,812.7,812.7,0,0,0
2024-09-25,Terceros,,0,0,0,0,0,0,0,812.7,812.7,0,0,0
2024-09-26,Terceros,,0,0,0,0,0,0,0,812.7,812.7,0,0,0
2024-09-27,Terceros,,0,0,0,0,0,0,0,812.7,812.7,0,0,0
2024-09-28,Terceros,,0,0,0,0,0,0,0,812.7,812.7,0,0,0
2024-09-29,Terceros,,0,0,0,0,0,0,0,812.7,812.7,0,0,0
2024-09-30,Terceros,,0,0,0,0,0,0,0,812.7,812.7,0,0,0
2024-10-01,Terceros,,0,0,0,0,0,0,0,785.2,785.2,0,0,0
2024-10-02,Terceros,,0,0,0,0,0,0,0,785.2,785.2,0,0,0
2024-10-03,Terceros,,0,0,0,0,0,0,0,785.2,785.2,0,0,0
2024-10-04,Terceros,,0,0,0,0,0,0,0,785.2,785.2,0,0,0
2024-10-05,Terceros,,0,0,0,0,0,0,0,785.2,785.2,0,0,0
2024-10-06,Terceros,,0,0,0,0,0,0,0,785.2,785.2,0,0,0
2024-10-07,Terceros,,0,0,0,0,0,0,0,785.2,785.2,0,0,0
2024-10-08,Terceros,,0,0,0,0,0,0,0,785.2,785.2,0,0,0
2024-10-09,Terceros,,0,0,0,0,0,0,0,785.2,785.2,0,0,0
2024-10-10,Terceros,,0,0,0,0,0,0,0,785.2,785.2,0,0,0
2024-10-11,Terceros,,0,0,0,0,0,0,0,785.2,785.2,0,0,0
2024-10-12,Terceros,,0,0,0,0,0,0,0,785.2,785.2,0,0,0
2024-10-13,Terceros,,0,0,0,0,0,0,0,785.2,785.2,0,0,0
2024-10-14,Terceros,,0,0,0,0,0,0,0,785.2,785.2,0,0,0
2024-10-15,Terceros,,0,0,0,0,0,0,0,785.2,785.2,0,0,0
2024-10-16,Terceros,,0,0,0,0,0,0,0,785.2,785.2,0,0,0
2024-10-17,Terceros,,0,0,0,0,0,0,0,785.2,785.2,0,0,0
2024-10-18,Terceros,,0,0,0,0,0,0,0,785.2,785.2,0,0,0
2024-10-19,Terceros,,0,0,0,0,0,0,0,785.2,785.2,0,0,0
2024-10-20,Terceros,,0,0,0,0,0,0,0,785.2,785.2,0,0,0
2024-10-21,Terceros,,0,0,0,0,0,0,0,785.2,785.2,0,0,0
2024-10-22,Terceros,,0,0,0,0,0,0,0,785.2,785.2,0,0,0
2024-10-23,Terceros,,0,0,0,0,0,0,0,785.2,785.2,0,0,0
2024-10-24,Terceros,,0,0,0,0,0,0,0,785.2,785.2,0,0,0
2024-10-25,Terceros,,0,0,0,0,0,0,0,785.2,785.2,0,0,0
2024-10-26,Terceros,,0,0,0,0,0,0,0,785.2,785.2,0,0,0
2024-10-27,Terceros,,0,0,0,0,0,0,0,785.2,785.2,0,0,0
2024-10-28,Terceros,,0,0,0,0,0,0,0,785.2,785.2,0,0,0
2024-10-29,Terceros,,0,0,0,0,0,0,0,785.2,785.2,0,0,0
2024-10-30,Terceros,,0,0,0,0,0,0,0,785.2,785.2,0,0,0
2024-10-31,Terceros,,0,0,0,0,0,0,0,785.2,785.2,0,0,0
2024-11-01,Terceros,,0,0,0,0,0,0,0,807.8,807.8,0,0,0
2024-11-02,Terceros,,0,0,0,0,0,0,0,807.8,807.8,0,0,0
2024-11-03,Terceros,,0,0,0,0,0,0,0,807.8,807.8,0,0,0
2024-11-04,Terceros,,0,0,0,0,0,0,0,807.8,807.8,0,0,0
2024-11-05,Terceros,,0,0,0,0,0,0,0,807.8,807.8,0,0,0
2024-11-06,Terceros,,0,0,0,0,0,0,0,807.8,807.8,0,0,0
2024-11-07,Terceros,,0,0,0,0,0,0,0,807.8,807.8,0,0,0
2024-11-08,Terceros,,0,0,0,0,0,0,0,807.8,807.8,0,0,0
2024-11-09,Terceros,,0,0,0,0,0,0,0,807.8,807.8,0,0,0
2024-11-10,Terceros,,0,0,0,0,0,0,0,807.8,807.8,0,0,0
2024-11-11,Terceros,,0,0,0,0,0,0,0,807.8,807.8,0,0,0
2024-11-12,Terceros,,0,0,0,0,0,0,0,807.8,807.8,0,0,0
2024-11-13,Terceros,,0,0,0,0,0,0,0,807.8,807.8,0,0,0
2024-11-14,Terceros,,0,0,0,0,0,0,0,807.8,807.8,0,0,0
2024-11-15,Terceros,,0,0,0,0,0,0,0,807.8,807.8,0,0,0
2024-11-16,Terceros,,0,0,0,0,0,0,0,807.8,807.8,0,0,0
2024-11-17,Terceros,,0,0,0,0,0,0,0,807.8,807.8,0,0,0
2024-11-18,Terceros,,0,0,0,0,0,0,0,807.8,807.8,0,0,0
2024-11-19,Terceros,,0,0,0,0,0,0,0,807.8,807.8,0,0,0
2024-11-20,Terceros,,0,0,0,0,0,0,0,807.8,807.8,0,0,0
2024-11-21,Terceros,,0,0,0,0,0,0,0,807.8,807.8,0,0,0
2024-11-22,Terceros,,0,0,0,0,0,0,0,807.8,807.8,0,0,0
2024-11-23,Terceros,,0,0,0,0,0,0,0,807.8,807.8,0,0,0
2024-11-24,Terceros,,0,0,0,0,0,0,0,807.8,807.8,0,0,0
2024-11-25,Terceros,,0,0,0,0,0,0,0,807.8,807.8,0,0,0
2024-11-26,Terceros,,0,0,0,0,0,0,0,807.8,807.8,0,0,0
2024-11-27,Terceros,,0,0,0,0,0,0,0,807.8,807.8,0,0,0
2024-11-28,Terceros,,0,0,0,0,0,0,0,807.8,807.8,0,0,0
2024-11-29,Terceros,,0,0,0,0,0,0,0,807.8,807.8,0,0,0
2024-11-30,Terceros,,0,0,0,0,0,0,0,807.8,807.8,0,0,0
2024-12-01,Terceros,,0,0,0,0,0,0,0,996,996,0,0,0
2024-12-02,Terceros,,0,0,0,0,0,0,0,996,996,0,0,0
2024-12-03,Terceros,,0,0,0,0,0,0,0,996,996,0,0,0
2024-12-04,Terceros,,0,0,0,0,0,0,0,996,996,0,0,0
2024-12-05,Terceros,,0,0,0,0,0,0,0,996,996,0,0,0
2024-12-06,Terceros,,0,0,0,0,0,0,0,996,996,0,0,0
2024-12-07,Terceros,,0,0,0,0,0,0,0,996,996,0,0,0
2024-12-08,Terceros,,0,0,0,0,0,0,0,996,996,0,0,0
2024-12-09,Terceros,,0,0,0,0,0,0,0,996,996,0,0,0
2024-12-10,Terceros,,0,0,0,0,0,0,0,996,996,0,0,0
2024-12-11,Terceros,,0,0,0,0,0,0,0,996,996,0,0,0
2024-12-12,Terceros,,0,0,0,0,0,0,0,996,996,0,0,0
2024-12-13,Terceros,,0,0,0,0,0,0,0,996,996,0,0,0
2024-12-14,Terceros,,0,0,0,0,0,0,0,996,996,0,0,0
2024-12-15,Terceros,,0,0,0,0,0,0,0,996,996,0,0,0
2024-12-16,Terceros,,0,0,0,0,0,0,0,996,996,0,0,0
2024-12-17,Terceros,,0,0,0,0,0,0,0,996,996,0,0,0
2024-12-18,Terceros,,0,0,0,0,0,0,0,996,996,0,0,0
2024-12-19,Terceros,,0,0,0,0,0,0,0,996,996,0,0,0
2024-12-20,Terceros,,0,0,0,0,0,0,0,996,996,0,0,0
2024-12-21,Terceros,,0,0,0,0,0,0,0,996,996,0,0,0
2024-12-22,Terceros,,0,0,0,0,0,0,0,996,996,0,0,0
2024-12-23,Terceros,,0,0,0,0,0,0,0,996,996,0,0,0
2024-12-24,Terceros,,0,0,0,0,0,0,0,996,996,0,0,0
2024-12-25,Terceros,,0,0,0,0,0,0,0,996,996,0,0,0
2024-12-26,Terceros,,0,0,0,0,0,0,0,996,996,0,0,0
2024-12-27,Terceros,,0,0,0,0,0,0,0,996,996,0,0,0
2024-12-28,Terceros,,0,0,0,0,0,0,0,996,996,0,0,0
2024-12-29,Terceros,,0,0,0,0,0,0,0,996,996,0,0,0
2024-12-30,Terceros,,0,0,0,0,0,0,0,996,996,0,0,0
2024-12-31,Terceros,,0,0,0,0,0,0,0,996,996,0,0,0
2025-01-01,Organico,,0,41,0,0,0,0,19,0,0,0,0,0
2025-01-01,Paid_Social,,0,0,0,0,0,0,0,0,0,0,0,0
2025-01-01,Pmax,,0,1,0,0,0,0,1,0,0,0,0,0
2025-01-01,Terceros,,0,0,0,0,0,0,0,458.3,458.3,0,0,0
2025-01-02,Display,,46,10,22,2,0,0,7,11176.6,11511.9,0,5,0
2025-01-02,Manual,,0,0,0,0,0,0,0,0,0,28,75,0
2025-01-02,Organico,,167,431,94,37,0,0,261,0,0,22,71,0
2025-01-02,Otros_Origenes,,0,0,0,0,0,0,0,0,0,3,11,0
2025-01-02,Paid_Social,,24,5,15,0,0,0,2,3080.7,3080.7,4,10,0
2025-01-02,Pmax,,7,25,3,0,0,0,16,892,918.8,0,2,0
2025-01-02,Resto,,1,0,1,0,0,0,0,0,0,0,1,0
2025-01-02,SEM_Generico,,2,18,2,9,0,0,3,3071,3163.1,0,4,0
2025-01-02,SEM_Marca_Derivada,,11,68,4,5,0,0,45,647.9,667.3,0,5,0
2025-01-02,SEM_Marca_Pura,,47,137,33,16,0,0,80,3538.1,3644.2,3,10,0
2025-01-02,Terceros,,159,5,41,0,0,0,16,891.3,891.3,0,8,0
2025-01-02,Whatsapp,Organico,0,1,0,1,0,0,0,0,0,0,1,0
2025-01-02,Youtube,,0,0,0,0,0,0,0,0,0,0,0,0
2025-01-03,Display,,120,7,28,1,0,0,4,6651.2,6850.7,2,13,0
2025-01-03,Manual,,0,0,0,0,0,0,0,0,0,29,53,8
2025-01-03,Organico,,88,356,44,33,0,0,192,0,0,27,36,10
2025-01-03,Otros_Origenes,,0,0,0,0,0,0,0,0,0,2,12,1
2025-01-03,Paid_Social,,25,8,10,0,0,0,3,2944,2944,3,7,1
2025-01-03,Pmax,,8,22,5,2,0,0,10,1121.3,1154.9,2,2,0
2025-01-03,SEM_Generico,,11,7,5,3,0,0,2,1293.9,1332.7,2,2,0
2025-01-03,SEM_Marca_Derivada,,6,69,4,13,0,0,38,819.6,844.2,2,4,0
2025-01-03,SEM_Marca_Pura,,52,57,28,8,0,0,34,2214.6,2281,7,18,2
2025-01-03,Terceros,,106,1,34,0,0,0,6,710.3,710.3,1,19,0
2025-01-03,Whatsapp,Whatsapp,0,2,0,0,0,0,0,0,0,0,1,0
2025-01-03,Whatsapp,Display,0,2,0,0,0,0,0,0,0,0,0,0
2025-01-03,Whatsapp,Organico,0,1,0,0,0,0,0,0,0,2,0,0
2025-01-03,Youtube,,0,0,0,0,0,0,0,0,0,0,0,0
2025-01-04,Display,,61,8,19,2,0,0,4,5028.5,5179.4,0,4,1
2025-01-04,Manual,,0,0,0,0,0,0,0,0,0,7,11,3
2025-01-04,Organico,,87,138,27,19,0,0,85,0,0,17,24,5
2025-01-04,Otros_Origenes,,0,0,0,0,0,0,0,0,0,2,6,0
2025-01-04,Paid_Social,,36,4,11,1,0,0,2,1318.5,1318.5,3,4,0
2025-01-04,Pmax,,8,5,4,1,0,0,4,474.6,488.8,2,1,0
2025-01-04,SEM_Generico,,3,3,1,1,0,0,1,691.1,711.8,0,0,1
2025-01-04,SEM_Marca_Derivada,,3,23,2,2,0,0,12,235.4,242.5,0,1,0
2025-01-04,SEM_Marca_Pura,,25,30,10,6,0,0,18,1048.8,1080.3,9,11,0
2025-01-04,Terceros,,102,2,17,1,0,0,7,615.3,615.3,0,5,0
2025-01-04,Whatsapp,SEM_Marca_Derivada,0,1,0,1,0,0,0,0,0,0,1,0
2025-01-04,Youtube,,0,0,0,0,0,0,0,0,0,0,0,0
2025-01-05,Display,,40,2,15,0,0,0,2,1117.5,1151,2,9,0
2025-01-05,Manual,,0,0,0,0,0,0,0,0,0,2,9,1
2025-01-05,Organico,,64,59,29,8,0,0,33,0,0,5,16,0
2025-01-05,Paid_Social,,18,0,10,0,0,0,2,843,843,1,0,0
2025-01-05,Pmax,,3,3,0,1,0,0,1,117.9,121.4,0,1,0
2025-01-05,SEM_Generico,,2,1,2,1,0,0,0,113.5,116.9,0,1,0
2025-01-05,SEM_Marca_Derivada,,1,8,0,1,0,0,4,147.3,151.7,1,1,0
2025-01-05,SEM_Marca_Pura,,17,9,8,2,0,0,6,506.9,522.1,3,2,0
2025-01-05,Terceros,,107,1,32,0,0,0,7,1158.3,1158.3,0,18,0
2025-01-05,Whatsapp,Display,0,2,0,0,0,0,0,0,0,0,0,0
2025-01-05,Whatsapp,Organico,0,1,0,0,0,0,0,0,0,0,0,0
2025-01-06,Display,,0,1,0,0,0,0,0,0,0,0,0,0
2025-01-06,Manual,,0,0,0,0,0,0,0,0,0,1,0,0
2025-01-06,Organico,,0,48,0,0,0,0,32,0,0,0,0,1
2025-01-06,SEM_Marca_Pura,,0,1,0,0,0,0,1,0,0,1,0,0
2025-01-06,Terceros,,0,2,0,0,0,0,0,458.3,458.3,0,0,0
2025-01-07,Display,,21,20,4,4,0,0,2,5618.6,5787.2,6,4,1
2025-01-07,Manual,,0,0,0,0,0,0,0,0,0,39,79,7
2025-01-07,Organico,,200,479,106,85,0,0,248,0,0,43,98,11
2025-01-07,Otros_Origenes,,0,0,0,0,0,0,0,0,0,9,13,1
2025-01-07,Paid_Social,,29,7,16,2,0,0,1,3829.5,3829.5,6,7,1
2025-01-07,Pmax,,0,18,0,4,0,0,11,160.7,165.5,3,3,0
2025-01-07,Resto,,1,0,0,0,0,0,0,0,0,0,0,0
2025-01-07,SEM_Generico,,10,21,8,9,0,0,6,3118.3,3211.8,5,11,0
2025-01-07,SEM_Marca_Derivada,,8,95,7,14,0,0,48,906.8,934,6,11,1
2025-01-07,SEM_Marca_Pura,,53,107,42,19,0,0,64,3957.3,4076,10,15,3
2025-01-07,Terceros,,179,3,48,1,0,0,14,838.3,838.3,15,21,0
2025-01-07,Whatsapp,Whatsapp,0,1,0,0,0,0,1,0,0,0,0,0
2025-01-07,Whatsapp,Display,0,1,0,0,0,0,0,0,0,0,0,0
2025-01-07,Whatsapp,Organico,0,1,0,0,0,0,1,0,0,0,0,0
2025-01-07,Whatsapp,SEM_Marca_Derivada,0,0,0,0,0,0,0,0,0,1,0,0
2025-01-07,Whatsapp,SEM_Marca_Pura,0,3,0,1,0,0,0,0,0,0,0,0
2025-01-07,Youtube,,0,0,0,0,0,0,0,0,0,0,0,0
2025-01-08,Display,,54,15,27,4,0,0,11,6670.6,6870.7,0,11,0
2025-01-08,Manual,,0,0,0,0,0,0,0,0,0,20,75,17
2025-01-08,Organico,,171,457,92,56,0,0,257,0,0,14,69,12
2025-01-08,Otros_Origenes,,0,0,0,0,0,0,0,0,0,2,6,2
2025-01-08,Paid_Social,,57,9,24,3,0,0,5,6576.3,6576.3,8,21,0
2025-01-08,Pmax,,13,35,9,7,0,0,20,1802.9,1857,2,10,2
2025-01-08,Resto,,1,0,0,0,0,0,0,0,0,0,0,0
2025-01-08,SEM_Generico,,7,22,6,9,0,0,4,2918.2,3005.7,2,7,0
2025-01-08,SEM_Marca_Derivada,,19,114,14,20,0,0,62,1308.3,1347.5,2,15,1
2025-01-08,SEM_Marca_Pura,,75,87,52,18,0,0,49,3361.8,3462.7,2,24,4
2025-01-08,Terceros,,80,1,25,0,0,0,7,658.3,658.3,1,7,0
2025-01-08,Whatsapp,Whatsapp,0,1,0,0,0,0,0,0,0,0,0,0
2025-01-08,Whatsapp,Organico,0,3,0,1,0,0,0,0,0,0,1,0
2025-01-08,Whatsapp,Paid_Social,0,1,0,0,0,0,0,0,0,0,0,0
2025-01-08,Whatsapp,SEM_Marca_Derivada,0,1,0,1,0,0,0,0,0,0,0,1
2025-01-08,Whatsapp,Terceros,0,1,0,0,0,0,0,0,0,0,0,0
2025-01-09,Display,,66,24,28,9,0,0,4,6743.2,6945.5,6,12,3
2025-01-09,Manual,,0,0,0,0,0,0,0,0,0,31,63,18
2025-01-09,Organico,,174,477,93,60,0,0,251,0,0,34,85,20
2025-01-09,Otros_Origenes,,0,0,0,0,0,0,0,0,0,2,6,4
2025-01-09,Paid_Social,,42,1,17,0,0,0,5,5471.1,5471.1,2,9,2
2025-01-09,Pmax,,8,27,8,7,0,0,12,2136.2,2200.3,3,7,2
2025-01-09,SEM_Competencia,,0,1,0,1,0,0,0,0,0,1,1,0
2025-01-09,SEM_Generico,,9,16,3,3,0,0,3,3682.2,3792.7,0,1,2
2025-01-09,SEM_Marca_Derivada,,10,72,9,5,0,0,32,1525.4,1571.2,2,7,3
2025-01-09,SEM_Marca_Pura,,81,38,46,11,0,0,21,1736,1788.1,7,26,6
2025-01-09,Terceros,,67,1,25,1,0,0,6,558.3,558.3,3,14,4
2025-01-09,Whatsapp,Organico,0,2,0,1,0,0,0,0,0,0,0,0
2025-01-10,Display,,102,18,44,4,0,0,8,13751.7,14164.3,5,20,4
2025-01-10,Manual,,0,0,0,0,0,0,0,0,0,38,68,25
2025-01-10,Organico,,132,451,65,63,0,0,242,0,0,48,79,26
2025-01-10,Otros_Origenes,,0,0,0,0,0,0,0,0,0,4,14,3
2025-01-10,Paid_Social,,31,3,15,1,0,0,6,4507.6,4507.6,3,7,8
2025-01-10,Pmax,,8,14,5,2,0,0,6,1807,1861.2,0,3,3
2025-01-10,SEM_Generico,,13,10,10,4,0,0,5,2500.5,2575.5,4,8,3
2025-01-10,SEM_Marca_Derivada,,12,95,8,8,0,0,60,1047.7,1079.1,4,8,1
2025-01-10,SEM_Marca_Pura,,63,52,35,9,0,0,40,3672.8,3783,7,15,5
2025-01-10,Terceros,,41,3,20,1,0,0,7,508.3,508.3,2,10,4
2025-01-10,Whatsapp,Display,0,1,0,1,0,0,0,0,0,1,2,0
2025-01-10,Whatsapp,Organico,0,3,0,2,0,0,0,0,0,0,0,0
2025-01-10,Whatsapp,SEM_Marca_Derivada,0,2,0,0,0,0,0,0,0,0,0,0
2025-01-10,Whatsapp,SEM_Marca_Pura,0,1,0,0,0,0,0,0,0,0,0,0
2025-01-10,Youtube,,2,0,1,0,0,0,1,0,0,0,0,0
2025-01-11,Display,,62,10,20,4,0,0,6,4220.9,4347.5,2,8,0
2025-01-11,Manual,,0,0,0,0,0,0,0,0,0,16,17,11
2025-01-11,Organico,,88,168,24,30,0,0,104,0,0,15,26,7
2025-01-11,Otros_Origenes,,0,0,0,0,0,0,0,0,0,2,3,1
2025-01-11,Paid_Social,,29,0,12,0,0,0,3,2524.4,2524.4,1,9,0
2025-01-11,Pmax,,4,10,4,2,0,0,3,780,803.4,1,2,0
2025-01-11,SEM_Generico,,5,8,4,4,0,0,2,1197.2,1233.1,1,2,1
2025-01-11,SEM_Marca_Derivada,,14,34,11,5,0,0,18,469.1,483.2,3,6,1
2025-01-11,SEM_Marca_Pura,,54,32,22,4,0,0,16,1742.5,1794.8,8,12,4
2025-01-11,Terceros,,56,0,16,0,0,0,8,458.3,458.3,3,7,2
2025-01-11,Whatsapp,SEM_Marca_Pura,0,1,0,0,0,0,0,0,0,0,0,0
2025-01-11,Youtube,,1,0,0,0,0,0,0,0,0,0,0,0
2025-01-12,Display,,24,1,6,0,0,0,4,781,804.4,0,4,0
2025-01-12,Manual,,0,0,0,0,0,0,0,0,0,5,9,0
2025-01-12,Organico,,72,85,23,9,0,0,61,0,0,4,17,2
2025-01-12,Otros_Origenes,,0,0,0,0,0,0,0,0,0,1,1,0
2025-01-12,Paid_Social,,14,0,4,0,0,0,1,1362.3,1362.3,0,1,0
2025-01-12,Pmax,,1,4,1,0,0,0,3,586.2,603.8,0,2,0
2025-01-12,Resto,,0,0,0,0,0,0,0,0,0,0,0,0
2025-01-12,SEM_Generico,,4,3,0,1,0,0,0,209.4,215.7,1,0,0
2025-01-12,SEM_Marca_Derivada,,9,22,3,3,0,0,9,508.6,523.9,0,3,0
2025-01-12,SEM_Marca_Pura,,30,12,10,0,0,0,3,828.5,853.4,2,4,0
2025-01-12,Terceros,,36,0,8,0,0,0,2,458.3,458.3,0,3,0
2025-01-12,Whatsapp,Organico,0,1,0,1,0,0,0,0,0,0,0,0
2025-01-13,Display,,33,20,15,4,0,0,4,12652.1,13031.7,2,8,1
2025-01-13,Manual,,0,0,0,0,0,0,0,0,0,23,70,30
2025-01-13,Organico,,134,719,74,79,0,0,363,0,0,30,104,26
2025-01-13,Otros_Origenes,,0,0,0,0,0,0,0,0,0,3,5,0
2025-01-13,Paid_Social,,24,1,3,0,0,0,1,915.2,915.2,5,4,3
2025-01-13,Pmax,,10,23,6,3,0,0,17,1973.4,2032.6,1,7,0
2025-01-13,SEM_Competencia,,1,136,0,11,0,0,5,2923.4,2923.4,0,6,1
2025-01-13,SEM_Generico,,11,21,10,5,0,0,6,3573.3,3680.5,0,6,2
2025-01-13,SEM_Marca_Derivada,,18,94,16,12,0,0,59,1278.3,1316.6,4,14,4
2025-01-13,SEM_Marca_Pura,,84,62,54,12,0,0,34,4751.1,4893.6,10,19,3
2025-01-13,Terceros,,38,0,10,0,0,0,2,508.3,508.3,2,4,5
2025-01-13,Whatsapp,Whatsapp,0,1,0,0,0,0,1,0,0,0,0,0
2025-01-13,Whatsapp,Organico,0,2,0,0,0,0,2,0,0,0,0,0
2025-01-13,Whatsapp,SEM_Marca_Derivada,0,1,0,0,0,0,0,0,0,0,0,0
2025-01-13,Whatsapp,SEM_Marca_Pura,0,1,0,1,0,0,0,0,0,0,1,0
2025-01-13,Youtube,,3,0,1,0,0,0,0,0,0,0,0,0
2025-01-14,Display,,38,23,14,8,0,0,3,6694.5,6895.3,8,14,3
2025-01-14,Manual,,0,0,0,0,0,0,0,0,0,33,53,22
2025-01-14,Organico,,133,452,72,91,0,0,215,0,0,44,71,28
2025-01-14,Otros_Origenes,,0,0,0,0,0,0,0,0,0,4,9,4
2025-01-14,Paid_Social,,26,5,18,3,0,0,2,5652.7,5652.7,5,11,2
2025-01-14,Pmax,,19,17,14,1,0,0,14,1804.9,1859,3,7,1
2025-01-14,SEM_Competencia,,5,26,1,2,0,0,2,2000.2,2000.2,4,2,1
2025-01-14,SEM_Generico,,9,13,3,5,0,0,5,2831.5,2916.4,3,3,2
2025-01-14,SEM_Marca_Derivada,,17,131,10,19,0,0,70,1044.2,1075.5,9,12,5
2025-01-14,SEM_Marca_Pura,,84,58,48,13,0,0,28,4187,4312.6,11,20,6
2025-01-14,Terceros,,32,1,13,0,0,0,5,508.3,508.3,5,8,1
2025-01-14,Whatsapp,Paid_Social,0,2,0,2,0,0,0,0,0,0,1,0
2025-01-14,Whatsapp,SEM_Marca_Pura,0,1,0,1,0,0,0,0,0,1,0,1
2025-01-14,Youtube,,1,0,1,0,0,0,0,0,0,0,0,0
2025-01-15,Display,,41,23,23,4,0,0,8,7060.9,7272.7,0,9,2
2025-01-15,Manual,,0,0,0,0,0,0,0,0,0,25,54,17
2025-01-15,Organico,,116,482,57,75,0,0,245,0,0,24,69,26
2025-01-15,Otros_Origenes,,0,0,0,0,0,0,0,0,0,5,13,5
2025-01-15,Paid_Social,,38,1,16,0,0,0,4,6619.8,6619.8,4,9,3
2025-01-15,Pmax,,8,21,4,3,0,0,10,1848.7,1904.2,1,2,1
2025-01-15,Resto,,0,0,0,0,0,0,0,0,0,0,0,0
2025-01-15,SEM_Competencia,,1,1,1,1,0,0,0,2203.2,2203.2,0,1,0
2025-01-15,SEM_Generico,,15,15,13,2,0,0,8,3274.6,3372.8,1,5,2
2025-01-15,SEM_Marca_Derivada,,8,120,6,13,0,0,66,912.9,940.3,10,8,6
2025-01-15,SEM_Marca_Pura,,71,83,44,15,0,0,54,4248,4375.4,6,13,7
2025-01-15,Terceros,,50,3,18,2,0,0,6,606.3,606.3,7,7,4
2025-01-15,Whatsapp,Whatsapp,0,1,0,0,0,0,0,0,0,0,0,0
2025-01-15,Whatsapp,Organico,0,2,0,1,0,0,1,0,0,0,1,1
2025-01-15,Whatsapp,Paid_Social,0,4,0,3,0,0,0,0,0,1,2,0
2025-01-15,Whatsapp,SEM_Marca_Pura,0,1,0,1,0,0,0,0,0,0,1,0
2025-01-15,Youtube,,3,0,1,0,0,0,0,0,0,0,0,0
2025-01-16,Display,,47,22,21,7,0,0,7,7577.6,7804.9,7,12,3
2025-01-16,Manual,,0,0,0,0,0,0,0,0,0,27,68,23
2025-01-16,Organico,,123,383,61,72,0,0,215,0,0,36,69,23
2025-01-16,Otros_Origenes,,0,0,0,0,0,0,0,0,0,3,3,3
2025-01-16,Paid_Social,,29,1,10,0,0,0,1,5543,5543,3,9,4
2025-01-16,Pmax,,11,13,6,2,0,0,7,1376.9,1418.2,3,6,1
2025-01-16,SEM_Competencia,,1,55,0,4,0,0,0,2414.2,2414.2,0,1,1
2025-01-16,SEM_Generico,,9,14,8,2,0,0,4,3616.3,3724.8,2,7,1
2025-01-16,SEM_Marca_Derivada,,10,143,9,19,0,0,75,859.5,885.3,8,14,6
2025-01-16,SEM_Marca_Pura,,86,44,45,8,0,0,18,4127.1,4250.9,4,11,12
2025-01-16,Terceros,,62,3,15,0,0,0,9,506.3,506.3,7,1,1
2025-01-16,Whatsapp,SEM_Marca_Pura,0,2,0,2,0,0,0,0,0,0,0,0
2025-01-16,Youtube,,4,0,1,0,0,0,0,0,0,0,0,0
2025-01-17,Display,,31,21,11,1,0,0,4,7101.9,7315,1,6,3
2025-01-17,Manual,,0,0,0,0,0,0,0,0,0,29,48,22
2025-01-17,Organico,,129,327,56,67,0,0,162,0,0,32,59,36
2025-01-17,Otros_Origenes,,0,0,0,0,0,0,0,0,0,3,12,3
2025-01-17,Paid_Social,,29,1,14,0,0,0,4,4948.2,4948.2,2,6,3
2025-01-17,Pmax,,7,11,6,4,0,0,5,1341.8,1382.1,1,5,2
2025-01-17,SEM_Competencia,,1,67,0,4,0,0,1,1266.6,1266.6,0,1,0
2025-01-17,SEM_Generico,,9,7,7,1,0,0,3,2568.6,2645.7,1,3,2
2025-01-17,SEM_Marca_Derivada,,18,134,15,15,0,0,70,759.7,782.5,8,17,6
2025-01-17,SEM_Marca_Pura,,60,35,33,8,0,0,22,3420.5,3523.1,8,16,7
2025-01-17,Terceros,,54,1,19,0,0,0,4,530.3,530.3,2,6,6
2025-01-17,Whatsapp,Organico,0,0,0,0,0,0,0,0,0,0,0,1
2025-01-17,Whatsapp,Paid_Social,0,1,0,0,0,0,0,0,0,0,1,0
2025-01-17,Whatsapp,SEM_Marca_Pura,0,1,0,1,0,0,0,0,0,0,0,0
2025-01-17,Youtube,,1,0,1,0,0,0,0,0,0,0,0,0
2025-01-18,Display,,15,8,4,3,0,0,1,4301.6,4430.6,4,2,3
2025-01-18,Manual,,0,0,0,0,0,0,0,0,0,11,13,2
2025-01-18,Organico,,96,92,36,6,0,0,66,0,0,13,19,10
2025-01-18,Otros_Origenes,,0,0,0,0,0,0,0,0,0,2,3,0
2025-01-18,Paid_Social,,24,1,12,0,0,0,1,2491.2,2491.2,1,5,1
2025-01-18,Pmax,,8,5,4,2,0,0,4,554,570.6,3,5,0
2025-01-18,SEM_Competencia,,3,14,0,2,0,0,0,147.2,147.2,0,0,0
2025-01-18,SEM_Generico,,4,3,1,1,0,0,1,503.5,518.6,0,0,0
2025-01-18,SEM_Marca_Derivada,,5,46,3,3,0,0,29,450.2,463.7,1,2,2
2025-01-18,SEM_Marca_Pura,,35,15,17,3,0,0,11,1444.8,1488.1,7,7,1
2025-01-18,Terceros,,61,1,12,1,0,0,3,680.3,680.3,1,10,0
2025-01-18,Whatsapp,Paid_Social,0,0,0,0,0,0,0,0,0,0,0,1
2025-01-18,Youtube,,1,0,0,0,0,0,0,0,0,0,0,0
2025-01-19,Display,,26,3,9,2,0,0,0,1455,1498.6,2,4,0
2025-01-19,Manual,,0,0,0,0,0,0,0,0,0,0,3,0
2025-01-19,Organico,,46,56,16,6,0,0,34,0,0,4,10,0
2025-01-19,Otros_Origenes,,0,0,0,0,0,0,0,0,0,0,1,0
2025-01-19,Paid_Social,,16,1,4,1,0,0,2,1486.7,1486.7,3,3,0
2025-01-19,Pmax,,1,5,0,0,0,0,4,377.5,388.8,0,0,0
2025-01-19,SEM_Competencia,,0,6,0,1,0,0,0,166.6,166.6,0,0,0
2025-01-19,SEM_Generico,,1,1,0,0,0,0,0,102.2,105.3,1,0,0
2025-01-19,SEM_Marca_Derivada,,1,23,0,1,0,0,11,506.1,521.3,1,1,0
2025-01-19,SEM_Marca_Pura,,24,8,12,1,0,0,4,1344.5,1384.8,1,8,1
2025-01-19,Terceros,,64,1,22,0,0,0,9,680.3,680.3,0,3,0
2025-01-19,Whatsapp,SEM_Marca_Pura,0,4,0,1,0,0,0,0,0,1,1,0
2025-01-20,Display,,29,20,7,8,0,0,5,9779.9,10073.3,1,5,4
2025-01-20,Manual,,0,0,0,0,0,0,0,0,0,35,68,18
2025-01-20,Organico,,102,478,57,98,0,0,225,0,0,37,84,28
2025-01-20,Otros_Origenes,,0,0,0,0,0,0,0,0,0,6,7,1
2025-01-20,Paid_Social,,31,4,15,1,0,0,1,3914.9,3914.9,6,12,2
2025-01-20,Pmax,,6,10,6,1,0,0,7,1909.2,1966.5,2,4,2
2025-01-20,Resto,,1,0,1,0,0,0,1,0,0,0,0,0
2025-01-20,SEM_Competencia,,3,56,3,2,0,0,2,1381.4,1381.4,0,0,0
2025-01-20,SEM_Generico,,9,5,8,3,0,0,3,2872.6,2958.8,3,4,1
2025-01-20,SEM_Marca_Derivada,,7,144,5,19,0,0,76,1018.8,1049.4,9,11,1
2025-01-20,SEM_Marca_Pura,,55,60,40,16,0,0,29,5069.3,5221.4,9,22,5
2025-01-20,Terceros,,100,2,26,0,0,0,8,664.3,664.3,10,11,2
2025-01-20,Whatsapp,Organico,0,1,0,0,0,0,0,0,0,0,0,0
2025-01-20,Youtube,,0,0,0,0,0,0,0,0,0,0,0,0
2025-01-21,Barrido,,0,0,0,0,0,0,0,0,0,0,4,0
2025-01-21,Display,,37,23,15,2,0,0,4,10130.2,10434.1,2,6,5
2025-01-21,Manual,,0,0,0,0,0,0,0,0,0,33,58,23
2025-01-21,Organico,,99,406,48,86,0,0,192,0,0,35,74,26
2025-01-21,Otros_Origenes,,0,0,0,0,0,0,0,0,0,4,9,7
2025-01-21,Paid_Social,,46,4,19,1,0,0,6,6171.5,6171.5,10,13,3
2025-01-21,Pmax,,5,22,3,4,0,0,12,1874.9,1931.1,8,3,0
2025-01-21,Resto,,2,0,0,0,0,0,0,0,0,0,0,0
2025-01-21,SEM_Competencia,,1,44,1,1,0,0,1,1081.4,1081.4,0,0,1
2025-01-21,SEM_Generico,,5,9,5,1,0,0,4,1959.1,2017.9,0,5,3
2025-01-21,SEM_Marca_Derivada,,9,157,6,16,0,0,93,995.4,1025.3,10,9,10
2025-01-21,SEM_Marca_Pura,,60,49,35,12,0,0,23,4830.1,4975,10,14,9
2025-01-21,Terceros,,82,1,11,0,0,0,6,508.3,508.3,4,2,3
2025-01-21,Youtube,,1,0,0,0,0,0,0,0,0,0,0,0
2025-01-22,Display,,42,32,14,4,0,0,11,9352.9,9633.5,1,4,2
2025-01-22,Manual,,0,0,0,0,0,0,0,0,0,39,72,36
2025-01-22,Organico,,124,358,59,70,0,0,173,0,0,45,84,27
2025-01-22,Otros_Origenes,,0,0,0,0,0,0,0,0,0,1,16,1
2025-01-22,Paid_Social,,46,6,22,3,0,0,3,7054.6,7054.6,4,17,8
2025-01-22,Pmax,,14,21,6,3,0,0,11,1759.7,1812.5,2,5,0
2025-01-22,SEM_Competencia,,0,31,0,3,0,0,0,582.9,582.9,1,3,0
2025-01-22,SEM_Generico,,9,14,6,5,0,0,4,1744.2,1796.5,1,5,4
2025-01-22,SEM_Marca_Derivada,,10,168,5,27,0,0,79,1023.1,1053.8,8,20,4
2025-01-22,SEM_Marca_Pura,,58,87,29,19,0,0,43,4514.6,4650,8,16,7
2025-01-22,Terceros,,81,3,14,1,0,0,6,580.3,580.3,1,4,3
2025-01-22,Whatsapp,Organico,0,1,0,0,0,0,1,0,0,0,0,0
2025-01-22,Whatsapp,Paid_Social,0,0,0,0,0,0,0,0,0,1,0,0
2025-01-22,Whatsapp,Terceros,0,1,0,1,0,0,0,0,0,0,1,0
2025-01-22,Youtube,,0,0,0,0,0,0,0,0,0,0,0,0
2025-01-23,Barrido,,0,0,0,0,0,0,0,0,0,0,2,0
2025-01-23,Display,,17,39,4,5,0,0,12,4374.6,4505.8,0,0,0
2025-01-23,Manual,,0,0,0,0,0,0,0,0,0,31,71,29
2025-01-23,Organico,,151,339,69,63,0,0,173,0,0,48,81,25
2025-01-23,Otros_Origenes,,0,0,0,0,0,0,0,0,0,3,12,2
2025-01-23,Paid_Social,,59,6,22,3,0,0,3,6372.7,6372.7,3,12,5
2025-01-23,Pmax,,9,24,4,7,0,0,13,1424.3,1467,2,6,2
2025-01-23,SEM_Competencia,,3,35,2,5,0,0,1,544.5,544.5,1,2,1
2025-01-23,SEM_Generico,,7,13,4,6,0,0,5,1749.5,1802,3,4,0
2025-01-23,SEM_Marca_Derivada,,11,175,10,20,0,0,90,1022.8,1053.5,6,21,8
2025-01-23,SEM_Marca_Pura,,67,68,32,14,0,0,32,4844.4,4989.7,8,14,5
2025-01-23,Terceros,,144,9,32,1,0,0,6,1030.3,1030.3,1,5,6
2025-01-23,Whatsapp,Whatsapp,0,1,0,0,0,0,1,0,0,0,0,0
2025-01-23,Whatsapp,Terceros,0,0,0,0,0,0,0,0,0,2,0,0
2025-01-23,Youtube,,2,0,0,0,0,0,0,0,0,0,0,0
2025-01-24,Barrido,,0,0,0,0,0,0,0,0,0,1,3,0
2025-01-24,Display,,13,14,8,4,0,0,8,2888.3,2974.9,4,3,2
2025-01-24,Manual,,0,0,0,0,0,0,0,0,0,35,53,26
2025-01-24,Organico,,145,287,68,36,0,0,173,0,0,31,56,29
2025-01-24,Otros_Origenes,,0,0,0,0,0,0,0,0,0,5,11,2
2025-01-24,Paid_Social,,47,1,22,0,0,0,3,4217.1,4217.1,4,13,3
2025-01-24,Pmax,,2,17,2,2,0,0,10,690.6,711.3,2,1,4
2025-01-24,SEM_Competencia,,1,44,1,3,0,0,0,503.6,503.6,0,1,0
2025-01-24,SEM_Generico,,14,15,5,10,0,0,4,1364.6,1405.5,7,8,1
2025-01-24,SEM_Marca_Derivada,,12,160,8,19,0,0,68,1005.3,1035.5,9,14,6
2025-01-24,SEM_Marca_Pura,,67,89,39,23,0,0,50,3662.2,3772.1,8,18,10
2025-01-24,Terceros,,158,10,31,1,0,0,13,766.3,766.3,1,8,4
2025-01-24,Youtube,,0,0,0,0,0,0,0,0,0,0,0,0
2025-01-25,Display,,10,3,3,1,0,0,3,921.6,949.2,4,2,0
2025-01-25,Manual,,0,0,0,0,0,0,0,0,0,9,16,15
2025-01-25,Organico,,90,78,26,19,0,0,49,0,0,12,20,12
2025-01-25,Otros_Origenes,,0,0,0,0,0,0,0,0,0,2,3,1
2025-01-25,Paid_Social,,36,6,10,0,0,0,4,2391.5,2391.5,0,5,2
2025-01-25,Pmax,,7,11,2,2,0,0,0,224,230.7,1,1,0
2025-01-25,SEM_Competencia,,0,18,0,1,0,0,0,518.2,518.2,0,0,0
2025-01-25,SEM_Generico,,8,5,2,5,0,0,0,990.2,1019.9,2,4,2
2025-01-25,SEM_Marca_Derivada,,8,45,5,4,0,0,21,646.8,666.2,2,1,1
2025-01-25,SEM_Marca_Pura,,43,20,25,5,0,0,15,1591.6,1639.3,6,9,6
2025-01-25,Terceros,,148,5,31,1,0,0,10,896.3,896.3,3,12,1
2025-01-25,Youtube,,0,0,0,0,0,0,0,0,0,0,0,0
2025-01-26,Display,,2,1,0,0,0,0,0,278.6,287,0,0,0
2025-01-26,Manual,,0,0,0,0,0,0,0,0,0,3,9,4
2025-01-26,Organico,,56,92,13,8,0,0,66,0,0,8,13,2
2025-01-26,Otros_Origenes,,0,0,0,0,0,0,0,0,0,2,1,0
2025-01-26,Paid_Social,,34,6,14,1,0,0,3,2501.6,2501.6,2,10,0
2025-01-26,Pmax,,1,0,1,0,0,0,0,49.4,50.9,1,0,0
2025-01-26,SEM_Competencia,,0,9,0,0,0,0,0,101.5,101.5,0,0,0
2025-01-26,SEM_Generico,,2,3,0,0,0,0,1,202.9,209,0,1,0
2025-01-26,SEM_Marca_Derivada,,6,33,2,4,0,0,18,834.8,859.8,0,4,1
2025-01-26,SEM_Marca_Pura,,26,8,8,3,0,0,5,1502.6,1547.7,4,2,0
2025-01-26,Terceros,,117,4,18,0,0,0,7,888.3,888.3,0,8,0
2025-01-26,Whatsapp,Paid_Social,0,1,0,1,0,0,0,0,0,0,1,0
2025-01-26,Whatsapp,SEM_Marca_Pura,0,2,0,0,0,0,0,0,0,0,0,0
2025-01-26,Youtube,,0,0,0,0,0,0,0,0,0,0,0,0
2025-01-27,Barrido,,0,0,0,0,0,0,0,0,0,0,0,1
2025-01-27,Display,,7,19,5,3,0,0,5,5572.5,5739.7,3,0,3
2025-01-27,Manual,,0,0,0,0,0,0,0,0,0,30,103,33
2025-01-27,Organico,,129,420,78,81,0,0,207,0,0,37,89,39
2025-01-27,Otros_Origenes,,0,0,0,0,0,0,0,0,0,11,14,3
2025-01-27,Paid_Social,,38,7,15,2,0,0,1,5335.8,5335.8,3,11,1
2025-01-27,Pmax,,4,26,4,2,0,0,16,1101.7,1134.8,1,5,1
2025-01-27,SEM_Generico,,8,21,6,7,0,0,8,2404.6,2476.7,1,6,2
2025-01-27,SEM_Marca_Derivada,,22,185,15,36,0,0,102,2904.8,2991.9,6,24,5
2025-01-27,SEM_Marca_Pura,,72,112,35,27,0,0,60,4759.6,4902.4,6,13,3
2025-01-27,Terceros,,248,15,30,4,0,0,140,1291.3,1291.3,7,5,2
2025-01-27,Whatsapp,Whatsapp,0,1,0,0,0,0,0,0,0,0,0,0
2025-01-27,Youtube,,0,0,0,0,0,0,0,0,0,0,0,0
2025-01-28,Barrido,,0,0,0,0,0,0,0,0,0,0,1,0
2025-01-28,Display,,18,22,7,8,0,0,3,3146.5,3240.9,2,6,5
2025-01-28,Manual,,0,0,0,0,0,0,0,0,0,51,85,34
2025-01-28,Organico,,130,399,62,59,0,0,255,0,0,51,77,41
2025-01-28,Otros_Origenes,,0,0,0,0,0,0,0,0,0,5,9,4
2025-01-28,Paid_Social,,29,8,16,2,0,0,2,6501.9,6501.9,6,7,5
2025-01-28,Pmax,,10,18,5,1,0,0,7,967,996,0,2,5
2025-01-28,SEM_Competencia,,0,1,0,0,0,0,0,0,0,0,0,0
2025-01-28,SEM_Generico,,13,23,9,16,0,0,4,2659.8,2739.6,3,11,2
2025-01-28,SEM_Marca_Derivada,,32,186,17,32,0,0,95,2666.8,2746.8,11,25,7
2025-01-28,SEM_Marca_Pura,,101,116,60,44,0,0,38,4321.6,4451.2,6,20,10
2025-01-28,Terceros,,116,13,16,3,0,0,9,1479.3,1479.3,4,11,3
2025-01-28,Whatsapp,Organico,0,1,0,1,0,0,0,0,0,0,0,0
2025-01-28,Whatsapp,Paid_Social,0,1,0,0,0,0,0,0,0,0,0,0
2025-01-29,Barrido,,0,0,0,0,0,0,0,0,0,0,1,0
2025-01-29,Display,,11,28,4,6,0,0,7,2338.6,2408.8,1,3,2
2025-01-29,Manual,,0,0,0,0,0,0,0,0,0,42,63,36
2025-01-29,Organico,,105,373,48,66,0,0,195,0,0,43,75,34
2025-01-29,Otros_Origenes,,0,0,0,0,0,0,0,0,0,5,12,3
2025-01-29,Paid_Social,,50,2,16,1,0,0,2,5248.3,5248.3,9,12,6
2025-01-29,Pmax,,12,17,8,6,0,0,3,1518.4,1564,2,8,2
2025-01-29,SEM_Generico,,14,22,7,11,0,0,4,2571.6,2648.7,7,14,4
2025-01-29,SEM_Marca_Derivada,,32,179,17,33,0,0,91,2800.5,2884.5,10,22,5
2025-01-29,SEM_Marca_Pura,,97,76,54,24,0,0,31,4155.9,4280.6,13,25,9
2025-01-29,Terceros,,123,6,29,3,0,0,12,1784.3,1784.3,6,9,2
2025-01-29,Whatsapp,Whatsapp,0,2,0,0,0,0,2,0,0,0,0,0
2025-01-29,Youtube,,0,0,0,0,0,0,0,0,0,0,0,0
2025-01-30,Display,,10,22,3,10,0,0,4,1899.1,1956.1,3,9,2
2025-01-30,Manual,,0,0,0,0,0,0,0,0,0,35,54,28
2025-01-30,Organico,,107,331,58,67,0,0,162,0,0,27,61,49
2025-01-30,Otros_Origenes,,0,0,0,0,0,0,0,0,0,5,9,6
2025-01-30,Paid_Social,,36,1,18,0,0,0,2,4300,4300,3,12,5
2025-01-30,Pmax,,11,36,6,16,0,0,5,3856.4,3972.1,8,9,1
2025-01-30,Resto,,0,0,0,0,0,0,0,0,0,0,0,0
2025-01-30,SEM_Generico,,16,14,10,6,0,0,2,2638,2717.1,6,7,1
2025-01-30,SEM_Marca_Derivada,,27,189,19,49,0,0,88,2445,2518.4,14,26,8
2025-01-30,SEM_Marca_Pura,,120,91,79,18,0,0,53,3606.6,3714.8,12,33,7
2025-01-30,Terceros,,159,6,22,3,0,0,7,2006.3,2006.3,3,7,7
2025-01-30,Whatsapp,Organico,0,1,0,0,0,0,1,0,0,0,0,0
2025-01-30,Whatsapp,Paid_Social,0,1,0,1,0,0,0,0,0,0,1,0
2025-01-30,Youtube,,0,0,0,0,0,0,0,0,0,0,0,0
2025-01-31,Barrido,,0,0,0,0,0,0,0,0,0,0,1,0
2025-01-31,Display,,3,12,1,6,0,0,4,1886.8,1943.4,2,2,2
2025-01-31,Manual,,0,0,0,0,0,0,0,0,0,46,99,55
2025-01-31,Organico,,100,359,45,46,0,0,210,0,0,42,51,45
2025-01-31,Otros_Origenes,,0,0,0,0,0,0,0,0,0,3,5,4
2025-01-31,Paid_Social,,29,2,13,1,0,0,2,3214.8,3214.8,4,4,8
2025-01-31,Pmax,,9,22,4,4,0,0,12,1509.8,1555.1,6,3,1
2025-01-31,Resto,,0,0,0,0,0,0,0,0,0,0,0,0
2025-01-31,SEM_Competencia,,0,1,0,0,0,0,0,0,0,0,0,0
2025-01-31,SEM_Generico,,17,25,9,17,0,0,3,2286.9,2355.5,2,14,5
2025-01-31,SEM_Marca_Derivada,,18,180,11,34,0,0,97,2450,2523.5,17,21,7
2025-01-31,SEM_Marca_Pura,,97,71,46,15,0,0,53,3849.8,3965.3,10,10,13
2025-01-31,Terceros,,101,8,19,1,0,0,6,1263.3,1263.3,8,5,1
2025-01-31,Whatsapp,Paid_Social,0,2,0,2,0,0,0,0,0,0,2,0
2025-01-31,Youtube,,0,0,0,0,0,0,0,0,0,0,0,0
2025-02-01,Display,,1,5,0,3,0,0,0,1306.9,1346.1,1,2,0
2025-02-01,Manual,,0,0,0,0,0,0,0,0,0,14,12,17
2025-02-01,Organico,,57,105,21,17,0,0,66,0,0,11,21,12
2025-02-01,Otros_Origenes,,0,0,0,0,0,0,0,0,0,4,2,2
2025-02-01,Paid_Social,,27,4,12,1,0,0,0,1684.3,1684.3,1,7,4
2025-02-01,Pmax,,10,10,5,3,0,0,5,657.6,677.3,0,2,1
2025-02-01,SEM_Generico,,7,7,5,2,0,0,2,1004.1,1034.2,5,3,2
2025-02-01,SEM_Marca_Derivada,,13,59,7,8,0,0,32,1720.9,1772.5,9,4,1
2025-02-01,SEM_Marca_Pura,,41,36,15,10,0,0,22,1700.6,1751.6,4,6,1
2025-02-01,Terceros,,95,5,14,0,0,0,9,1123.3,1123.3,1,5,0
2025-02-01,Whatsapp,Paid_Social,0,2,0,2,0,0,0,0,0,1,1,0
2025-02-02,Display,,1,2,1,0,0,0,0,103.8,106.9,1,0,0
2025-02-02,Manual,,0,0,0,0,0,0,0,0,0,6,12,1
2025-02-02,Organico,,53,64,28,7,0,0,47,0,0,5,14,2
2025-02-02,Paid_Social,,31,2,11,0,0,0,0,2159.6,2159.6,0,6,0
2025-02-02,Pmax,,8,5,3,2,0,0,0,745.8,768.2,2,2,0
2025-02-02,Resto,,0,0,0,0,0,0,0,0,0,0,0,0
2025-02-02,SEM_Generico,,5,7,4,5,0,0,2,1048.3,1079.7,1,5,0
2025-02-02,SEM_Marca_Derivada,,9,52,2,7,0,0,32,2008.7,2069,0,5,0
2025-02-02,SEM_Marca_Pura,,64,12,27,1,0,0,10,1564.3,1611.2,4,9,1
2025-02-02,Terceros,,87,0,24,0,0,0,5,899.3,899.3,2,16,0
2025-02-02,Whatsapp,Paid_Social,0,1,0,0,0,0,0,0,0,0,0,0
2025-02-02,Whatsapp,SEM_Marca_Pura,0,2,0,2,0,0,0,0,0,0,2,0
2025-02-03,Barrido,,0,0,0,0,0,0,0,0,0,0,2,0
2025-02-03,Display,,5,39,2,9,0,0,14,2845,2930.4,0,5,2
2025-02-03,Manual,,0,0,0,0,0,0,0,0,0,30,98,25
2025-02-03,Organico,,120,442,68,80,0,0,211,0,0,29,81,29
2025-02-03,Otros_Origenes,,0,0,0,0,0,0,0,0,0,6,18,2
2025-02-03,Paid_Social,,63,7,29,3,0,0,2,5092.5,5092.5,3,15,3
2025-02-03,Pmax,,20,25,15,14,0,0,8,2776.7,2860,0,9,5
2025-02-03,SEM_Competencia,,0,1,0,0,0,0,0,0,0,0,1,0
2025-02-03,SEM_Generico,,21,22,17,12,0,0,1,4132.2,4256.2,5,10,3
2025-02-03,SEM_Marca_Derivada,,23,249,14,48,0,0,130,3222.9,3319.6,4,25,7
2025-02-03,SEM_Marca_Pura,,135,137,81,48,0,0,74,4865.3,5011.3,11,39,5
2025-02-03,Terceros,,111,3,28,1,0,0,9,1283.3,1283.3,2,11,5
2025-02-03,Whatsapp,Paid_Social,0,0,0,0,0,0,0,0,0,1,0,0
2025-02-03,Whatsapp,SEM_Marca_Pura,0,0,0,0,0,0,0,0,0,1,0,0
2025-02-03,Whatsapp,Terceros,0,1,0,1,0,0,0,0,0,0,0,0
2025-02-03,Youtube,,0,0,0,0,0,0,0,0,0,0,0,0
2025-02-04,Display,,8,20,1,4,0,0,5,2358.4,2429.2,2,2,2
2025-02-04,Manual,,0,0,0,0,0,0,0,0,0,42,80,27
2025-02-04,Organico,,136,412,67,76,0,0,219,0,0,33,73,27
2025-02-04,Otros_Origenes,,0,0,0,0,0,0,0,0,0,5,11,2
2025-02-04,Paid_Social,,70,4,29,2,0,0,1,6007.4,6007.4,12,30,3
2025-02-04,Pmax,,18,36,13,9,0,0,11,2934,3022,3,11,0
2025-02-04,Resto,,0,0,0,0,0,0,0,0,0,0,0,0
2025-02-04,SEM_Generico,,21,52,16,13,0,0,4,4658.8,4798.6,4,14,1
2025-02-04,SEM_Marca_Derivada,,22,241,15,38,0,0,131,3180.6,3276,15,28,14
2025-02-04,SEM_Marca_Pura,,121,106,65,29,0,0,50,4113.4,4236.8,13,21,12
2025-02-04,Terceros,,125,3,30,3,0,0,6,1686.3,1686.3,6,14,3
2025-02-04,Whatsapp,Display,0,2,0,2,0,0,0,0,0,0,2,0
2025-02-04,Whatsapp,Paid_Social,0,1,0,1,0,0,0,0,0,0,1,0
2025-02-04,Whatsapp,SEM_Generico,0,1,0,0,0,0,0,0,0,0,0,0
2025-02-04,Whatsapp,SEM_Marca_Pura,0,1,0,1,0,0,0,0,0,0,1,0
2025-02-04,Youtube,,0,0,0,0,0,0,0,0,0,0,0,0
2025-02-05,Display,,2,18,0,7,0,0,4,1990.8,2050.5,2,1,1
2025-02-05,Manual,,0,0,0,0,0,0,0,0,0,49,74,27
2025-02-05,Organico,,140,336,59,70,0,0,200,0,0,28,70,30
2025-02-05,Otros_Origenes,,0,0,0,0,0,0,0,0,0,3,10,4
2025-02-05,Paid_Social,,54,0,14,0,0,0,3,4752,4752,2,6,5
2025-02-05,Pmax,,14,16,6,5,0,0,10,1096.3,1129.2,4,5,1
2025-02-05,SEM_Competencia,,1,0,0,0,0,0,1,0,0,1,0,0
2025-02-05,SEM_Generico,,17,60,7,17,0,0,5,2703.5,2784.6,2,13,8
2025-02-05,SEM_Marca_Derivada,,26,203,17,42,0,0,115,3608.6,3716.9,13,38,5
2025-02-05,SEM_Marca_Pura,,105,89,55,38,0,0,34,3728.8,3840.7,8,30,11
2025-02-05,Terceros,,122,5,27,2,0,0,9,1943.3,1943.3,5,15,2
2025-02-05,Whatsapp,Organico,0,1,0,0,0,0,1,0,0,0,0,0
2025-02-05,Whatsapp,Paid_Social,0,0,0,0,0,0,0,0,0,0,0,1
2025-02-05,Whatsapp,SEM_Marca_Derivada,0,1,0,1,0,0,0,0,0,0,0,0
2025-02-05,Whatsapp,SEM_Marca_Pura,0,1,0,1,0,0,0,0,0,0,1,0
2025-02-05,Youtube,,0,0,0,0,0,0,0,0,0,0,0,0
2025-02-06,Display,,6,20,0,9,0,0,8,908.7,936,1,5,2
2025-02-06,Manual,,0,0,0,0,0,0,0,0,0,51,92,35
2025-02-06,Organico,,158,360,65,61,0,0,200,0,0,42,70,32
2025-02-06,Otros_Origenes,,0,0,0,0,0,0,0,0,0,6,12,5
2025-02-06,Paid_Social,,37,0,14,0,0,0,0,4074.5,4074.5,8,5,3
2025-02-06,Pmax,,13,8,6,2,0,0,5,847.5,872.9,1,3,4
2025-02-06,SEM_Competencia,,0,0,0,0,0,0,0,40.1,40.1,0,0,1
2025-02-06,SEM_Generico,,25,71,14,21,0,0,4,3999.5,4119.5,6,16,5
2025-02-06,SEM_Marca_Derivada,,24,183,13,47,0,0,87,4426,4558.8,17,40,12
2025-02-06,SEM_Marca_Pura,,144,109,79,32,0,0,52,3925.9,4043.7,17,35,13
2025-02-06,Terceros,,134,5,28,1,0,0,8,1386.3,1386.3,5,16,5
2025-02-06,Whatsapp,Whatsapp,0,1,0,0,0,0,0,0,0,0,0,0
2025-02-06,Whatsapp,Paid_Social,0,1,0,1,0,0,0,0,0,0,1,0
2025-02-06,Youtube,,0,0,0,0,0,0,0,0,0,0,0,0
2025-02-07,Display,,5,12,1,3,0,0,1,860.8,886.6,0,2,1
2025-02-07,Manual,,0,0,0,0,0,0,0,0,0,37,48,36
2025-02-07,Organico,,148,278,61,48,0,0,142,0,0,38,77,31
2025-02-07,Otros_Origenes,,0,0,0,0,0,0,0,0,0,6,8,4
2025-02-07,Paid_Social,,37,2,15,1,0,0,0,3199.2,3199.2,2,6,2
2025-02-07,Pmax,,5,19,3,9,0,0,9,743.6,765.9,3,5,5
2025-02-07,SEM_Competencia,,1,0,0,0,0,0,0,48.3,48.3,0,0,0
2025-02-07,SEM_Generico,,18,47,10,7,0,0,4,3085.8,3178.4,9,8,6
2025-02-07,SEM_Marca_Derivada,,27,158,15,37,0,0,77,3959.6,4078.4,22,31,15
2025-02-07,SEM_Marca_Pura,,116,85,57,27,0,0,54,3546.5,3652.9,13,27,12
2025-02-07,Terceros,,111,3,23,1,0,0,4,1085.3,1085.3,8,9,3
2025-02-07,Whatsapp,Organico,0,1,0,0,0,0,0,0,0,0,0,0
2025-02-07,Whatsapp,Paid_Social,0,0,0,0,0,0,0,0,0,0,0,1
2025-02-07,Whatsapp,SEM_Marca_Pura,0,1,0,1,0,0,0,0,0,0,1,0
2025-02-08,Display,,6,5,1,2,0,0,1,699.6,720.6,0,2,0
2025-02-08,Manual,,0,0,0,0,0,0,0,0,0,10,25,16
2025-02-08,Organico,,97,92,34,15,0,0,58,0,0,11,15,17
2025-02-08,Otros_Origenes,,0,0,0,0,0,0,0,0,0,1,2,1
2025-02-08,Paid_Social,,42,4,10,0,0,0,0,2738.3,2738.3,0,3,2
2025-02-08,Pmax,,5,8,5,4,0,0,3,796.1,820,0,4,1
2025-02-08,Resto,,1,0,1,0,0,0,0,0,0,0,0,0
2025-02-08,SEM_Competencia,,1,0,0,0,0,0,0,45.6,45.6,0,0,0
2025-02-08,SEM_Generico,,10,20,1,2,0,0,1,2827.8,2912.6,4,3,1
2025-02-08,SEM_Marca_Derivada,,13,47,5,8,0,0,25,2596.6,2674.5,2,6,5
2025-02-08,SEM_Marca_Pura,,47,38,17,13,0,0,24,1387.7,1429.3,3,5,1
2025-02-08,Terceros,,94,2,13,0,0,0,5,990.3,990.3,0,4,2
2025-02-09,Display,,9,1,5,0,0,0,1,732.9,754.9,0,1,0
2025-02-09,Manual,,0,0,0,0,0,0,0,0,0,4,19,0
2025-02-09,Organico,,115,53,51,6,0,0,47,0,0,6,20,0
2025-02-09,Otros_Origenes,,0,0,0,0,0,0,0,0,0,1,1,0
2025-02-09,Paid_Social,,46,7,19,0,0,0,1,3680.6,3680.6,0,8,0
2025-02-09,Pmax,,5,8,1,4,0,0,1,853.2,878.8,0,1,0
2025-02-09,Resto,,0,0,0,0,0,0,0,0,0,0,0,0
2025-02-09,SEM_Competencia,,0,0,0,0,0,0,0,61.1,61.1,0,0,0
2025-02-09,SEM_Generico,,16,16,9,6,0,0,2,2821.5,2906.1,1,10,0
2025-02-09,SEM_Marca_Derivada,,10,33,5,4,0,0,16,2565.9,2642.9,1,8,0
2025-02-09,SEM_Marca_Pura,,48,8,22,0,0,0,9,1572.5,1619.7,2,12,0
2025-02-09,Terceros,,127,3,24,0,0,0,8,1240.3,1240.3,0,8,0
2025-02-09,Whatsapp,Display,0,0,0,0,0,0,0,0,0,1,0,0
2025-02-09,Whatsapp,Organico,0,1,0,0,0,0,1,0,0,0,0,0
2025-02-09,Whatsapp,Paid_Social,0,1,0,1,0,0,0,0,0,0,0,0
2025-02-09,Youtube,,0,0,0,0,0,0,0,0,0,0,0,0
2025-02-10,Display,,15,29,6,14,0,0,4,960,988.8,6,10,2
2025-02-10,Manual,,0,0,0,0,0,0,0,0,0,54,109,17
2025-02-10,Organico,,157,382,91,72,0,0,210,0,0,35,75,21
2025-02-10,Otros_Origenes,,0,0,0,0,0,0,0,0,0,6,18,2
2025-02-10,Paid_Social,,50,2,23,0,0,0,1,3839.9,3839.9,5,10,1
2025-02-10,Pmax,,11,16,8,10,0,0,4,1303.8,1342.9,2,7,1
2025-02-10,Resto,,1,0,1,0,0,0,1,0,0,0,1,0
2025-02-10,SEM_Competencia,,4,0,2,0,0,0,0,121.8,121.8,1,0,0
2025-02-10,SEM_Generico,,35,72,17,20,0,0,5,4804.6,4948.7,6,13,6
2025-02-10,SEM_Marca_Derivada,,31,197,20,49,0,0,84,5156.6,5311.3,15,39,7
2025-02-10,SEM_Marca_Pura,,135,120,80,33,0,0,62,4052.9,4174.5,19,40,6
2025-02-10,Terceros,,189,8,42,0,0,0,13,1832.3,1832.3,9,21,1
2025-02-10,Whatsapp,Display,0,0,0,0,0,0,0,0,0,0,0,1
2025-02-10,Whatsapp,Organico,0,1,0,0,0,0,1,0,0,0,0,0
2025-02-10,Whatsapp,Paid_Social,0,2,0,1,0,0,0,0,0,0,1,0
2025-02-10,Whatsapp,SEM_Generico,0,1,0,1,0,0,1,0,0,0,0,0
2025-02-10,Whatsapp,SEM_Marca_Pura,0,4,0,4,0,0,0,0,0,0,1,0
2025-02-10,Whatsapp,Terceros,0,1,0,0,0,0,0,0,0,0,0,0
2025-02-10,Youtube,,0,0,0,0,0,0,0,0,0,0,0,0
2025-02-11,Display,,5,20,1,8,0,0,2,1000.7,1030.7,2,3,3
2025-02-11,Manual,,0,0,0,0,0,0,0,0,0,38,87,46
2025-02-11,Organico,,116,408,60,74,0,0,224,0,0,39,74,34
2025-02-11,Otros_Origenes,,0,0,0,0,0,0,0,0,0,6,14,0
2025-02-11,Paid_Social,,62,6,24,3,0,0,1,4283.3,4283.3,10,15,4
2025-02-11,Pmax,,7,10,4,2,0,0,8,623.3,642,1,0,1
2025-02-11,Resto,,1,0,1,0,0,0,0,0,0,0,0,0
2025-02-11,SEM_Competencia,,5,0,2,0,0,0,0,127.4,127.4,0,1,0
2025-02-11,SEM_Generico,,26,79,13,27,0,0,10,4275.6,4403.9,3,11,7
2025-02-11,SEM_Marca_Derivada,,23,239,11,54,0,0,106,4932.2,5080.2,12,32,17
2025-02-11,SEM_Marca_Pura,,124,81,67,34,0,0,48,3953,4071.6,18,32,20
2025-02-11,Terceros,,150,4,44,2,0,0,5,1675.3,1675.3,8,9,7
2025-02-11,Whatsapp,Organico,0,1,0,0,0,0,1,0,0,0,0,0
2025-02-11,Whatsapp,Paid_Social,0,1,0,0,0,0,0,0,0,0,0,0
2025-02-11,Whatsapp,SEM_Marca_Pura,0,0,0,0,0,0,0,0,0,3,0,0
2025-02-11,Youtube,,0,0,0,0,0,0,0,0,0,0,0,0
2025-02-12,Display,,10,27,4,13,0,0,4,880.4,906.8,2,4,5
2025-02-12,Manual,,0,0,0,0,0,0,0,0,0,49,81,33
2025-02-12,Organico,,102,374,54,69,0,0,209,0,0,39,60,32
2025-02-12,Otros_Origenes,,0,0,0,0,0,0,0,0,0,4,7,4
2025-02-12,Paid_Social,,61,5,25,1,0,0,0,4564.5,4564.5,3,19,4
2025-02-12,Pmax,,8,16,6,6,0,0,6,709,730.3,0,5,1
2025-02-12,Resto,,2,0,0,0,0,0,1,0,0,0,0,0
2025-02-12,SEM_Competencia,,6,3,4,0,0,0,2,95.7,95.7,0,1,0
2025-02-12,SEM_Generico,,27,59,19,23,0,0,7,4663.7,4803.6,8,12,3
2025-02-12,SEM_Marca_Derivada,,23,192,14,43,0,0,94,4555.2,4691.9,15,23,9
2025-02-12,SEM_Marca_Pura,,122,105,58,28,0,0,62,3784.6,3898.1,11,34,10
2025-02-12,Terceros,,178,16,39,4,0,0,14,1675.3,1675.3,3,7,5
2025-02-12,Whatsapp,Whatsapp,2,0,0,0,0,0,0,0,0,0,0,0
2025-02-12,Whatsapp,Paid_Social,2,0,1,0,0,0,0,0,0,0,0,0
2025-02-12,Whatsapp,SEM_Marca_Pura,6,0,3,0,0,0,0,0,0,1,0,0
2025-02-12,Whatsapp,Terceros,2,0,2,0,0,0,0,0,0,0,0,0
2025-02-12,Youtube,,0,0,0,0,0,0,0,0,0,0,0,0
2025-02-13,Display,,4,9,0,1,0,0,1,508.5,523.8,3,1,1
2025-02-13,Manual,,0,0,0,0,0,0,0,0,0,46,92,28
2025-02-13,Organico,,72,296,37,43,0,0,162,0,0,21,50,24
2025-02-13,Otros_Origenes,,0,0,0,0,0,0,0,0,0,5,7,8
2025-02-13,Paid_Social,,55,8,24,3,0,0,3,3929.7,3929.7,7,16,3
2025-02-13,Pmax,,6,10,5,5,0,0,3,332.2,342.2,2,2,1
2025-02-13,Resto,,2,0,2,0,0,0,0,0,0,0,0,0
2025-02-13,SEM_Competencia,,1,0,1,0,0,0,1,139.7,139.7,0,1,0
2025-02-13,SEM_Generico,,20,49,10,14,0,0,7,4184.5,4310,6,8,6
2025-02-13,SEM_Marca_Derivada,,32,179,21,42,0,0,88,4000.1,4120.1,18,36,10
2025-02-13,SEM_Marca_Pura,,104,92,58,30,0,0,46,3394.2,3496,11,32,9
2025-02-13,Terceros,,221,7,53,4,0,0,3,2637.3,2637.3,4,10,7
2025-02-13,Whatsapp,Organico,2,0,1,0,0,0,2,0,0,0,0,0
2025-02-13,Whatsapp,Paid_Social,11,1,2,0,0,0,1,0,0,0,0,0
2025-02-13,Whatsapp,SEM_Generico,2,0,2,0,0,0,0,0,0,0,2,0
2025-02-13,Whatsapp,SEM_Marca_Pura,2,1,1,1,0,0,0,0,0,0,1,0
2025-02-13,Whatsapp,Terceros,4,0,3,0,0,0,0,0,0,0,0,0
2025-02-13,Youtube,,0,0,0,0,0,0,0,0,0,0,0,0
2025-02-14,Display,,6,19,1,7,0,0,2,683.6,704.1,2,5,2
2025-02-14,Manual,,0,0,0,0,0,0,0,0,0,25,57,30
2025-02-14,Organico,,88,284,45,60,0,0,136,0,0,29,55,34
2025-02-14,Otros_Origenes,,0,0,0,0,0,0,0,0,0,4,7,5
2025-02-14,Paid_Social,,42,5,15,2,0,0,0,3215.6,3215.6,5,9,5
2025-02-14,Pmax,,3,11,1,4,0,0,5,307.8,317,2,2,1
2025-02-14,Resto,,0,0,0,0,0,0,0,0,0,0,0,0
2025-02-14,SEM_Competencia,,5,0,3,0,0,0,0,246.3,246.3,0,1,0
2025-02-14,SEM_Generico,,12,49,7,8,0,0,5,2703.6,2784.7,2,5,4
2025-02-14,SEM_Marca_Derivada,,18,152,9,21,0,0,91,3206.8,3303,9,15,12
2025-02-14,SEM_Marca_Pura,,86,81,40,16,0,0,41,2858.7,2944.5,16,22,12
2025-02-14,Terceros,,210,3,53,1,0,0,4,2161.3,2161.3,3,8,8
2025-02-14,Whatsapp,Display,1,0,1,0,0,0,0,0,0,0,0,0
2025-02-14,Whatsapp,Organico,3,0,2,0,0,0,1,0,0,0,0,0
2025-02-14,Whatsapp,Paid_Social,5,1,4,0,0,0,0,0,0,1,2,0
2025-02-14,Whatsapp,SEM_Marca_Derivada,2,0,1,0,0,0,0,0,0,0,0,0
2025-02-14,Whatsapp,SEM_Marca_Pura,3,0,1,0,0,0,0,0,0,0,0,1
2025-02-14,Whatsapp,Terceros,4,2,1,1,0,0,2,0,0,0,1,0
2025-02-14,Youtube,,0,0,0,0,0,0,0,0,0,0,0,0
2025-02-15,Display,,2,12,0,2,0,0,1,565.8,582.8,0,1,0
2025-02-15,Manual,,0,0,0,0,0,0,0,0,0,7,18,13
2025-02-15,Organico,,36,115,13,23,0,0,53,0,0,11,18,5
2025-02-15,Otros_Origenes,,0,0,0,0,0,0,0,0,0,0,0,1
2025-02-15,Paid_Social,,34,4,16,0,0,0,0,2504.4,2504.4,0,8,2
2025-02-15,Pmax,,3,2,2,1,0,0,0,113,116.4,1,1,0
2025-02-15,Resto,,1,0,0,0,0,0,0,0,0,0,0,0
2025-02-15,SEM_Competencia,,1,0,1,0,0,0,0,158,158,0,0,0
2025-02-15,SEM_Generico,,11,31,8,7,0,0,4,2209.1,2275.4,1,4,2
2025-02-15,SEM_Marca_Derivada,,15,64,11,8,0,0,46,2344.8,2415.1,2,9,3
2025-02-15,SEM_Marca_Pura,,53,28,21,8,0,0,12,1384.9,1426.4,7,6,3
2025-02-15,Terceros,,143,1,20,0,0,0,1,1015.3,1015.3,1,4,2
2025-02-15,Whatsapp,Whatsapp,2,0,2,0,0,0,0,0,0,0,0,0
2025-02-15,Whatsapp,Display,1,0,0,0,0,0,0,0,0,0,0,0
2025-02-15,Whatsapp,Organico,2,0,0,0,0,0,1,0,0,0,0,0
2025-02-15,Whatsapp,Paid_Social,2,0,2,0,0,0,0,0,0,0,0,0
2025-02-15,Whatsapp,SEM_Marca_Pura,4,2,3,2,0,0,0,0,0,0,1,0
2025-02-15,Youtube,,0,0,0,0,0,0,0,0,0,0,0,0
2025-02-16,Display,,4,6,0,0,0,0,0,585.4,603,0,0,0
2025-02-16,Manual,,0,0,0,0,0,0,0,0,0,5,7,2
2025-02-16,Organico,,31,58,19,11,0,0,31,0,0,3,17,1
2025-02-16,Otros_Origenes,,0,0,0,0,0,0,0,0,0,1,2,0
2025-02-16,Paid_Social,,55,5,26,1,0,0,1,3218.1,3218.1,0,9,1
2025-02-16,Pmax,,4,3,0,1,0,0,0,298.5,307.5,0,0,0
2025-02-16,Resto,,1,0,1,0,0,0,1,0,0,0,0,0
2025-02-16,SEM_Competencia,,1,0,0,0,0,0,0,219.6,219.6,0,0,0
2025-02-16,SEM_Generico,,12,10,7,0,0,0,1,2419.7,2492.3,1,8,0
2025-02-16,SEM_Marca_Derivada,,8,30,3,5,0,0,10,2439.4,2512.6,2,5,0
2025-02-16,SEM_Marca_Pura,,34,8,17,0,0,0,9,1409.5,1451.8,0,4,0
2025-02-16,Terceros,,115,0,21,0,0,0,2,777.3,777.3,2,4,0
2025-02-16,Whatsapp,Whatsapp,2,0,0,0,0,0,0,0,0,0,0,0
2025-02-16,Whatsapp,Paid_Social,6,0,4,0,0,0,0,0,0,0,2,0
2025-02-16,Whatsapp,Terceros,4,0,0,0,0,0,0,0,0,0,0,0
2025-02-16,Youtube,,0,0,0,0,0,0,0,0,0,0,0,0
2025-02-17,Barrido,,0,0,0,0,0,0,0,0,0,1,7,0
2025-02-17,Display,,4,29,0,12,0,0,13,838.9,864.1,3,9,1
2025-02-17,Manual,,0,0,0,0,0,0,0,0,0,50,109,35
2025-02-17,Organico,,77,392,49,79,0,0,181,0,0,30,80,28
2025-02-17,Otros_Origenes,,0,0,0,0,0,0,0,0,0,6,11,4
2025-02-17,Paid_Social,,60,2,26,2,0,0,2,4004.3,4004.3,4,11,2
2025-02-17,Pmax,,2,17,2,6,0,0,4,525.5,541.3,1,1,2
2025-02-17,Resto,,1,0,1,0,0,0,0,0,0,0,0,0
2025-02-17,SEM_Competencia,,4,0,1,0,0,0,0,215.5,215.5,0,0,0
2025-02-17,SEM_Generico,,20,58,16,16,0,0,4,3106.1,3199.3,10,13,2
2025-02-17,SEM_Marca_Derivada,,28,193,20,38,0,0,95,4065.2,4187.2,17,31,12
2025-02-17,SEM_Marca_Pura,,103,124,54,45,0,0,71,3495.8,3600.7,15,28,10
2025-02-17,Terceros,,135,9,29,1,0,0,9,1375.3,1375.3,5,11,5
2025-02-17,Whatsapp,Whatsapp,3,1,2,0,0,0,0,0,0,0,1,0
2025-02-17,Whatsapp,Organico,3,0,3,0,0,0,3,0,0,0,0,0
2025-02-17,Whatsapp,Paid_Social,8,0,3,0,0,0,0,0,0,0,0,0
2025-02-17,Whatsapp,Pmax,3,0,2,0,0,0,3,0,0,0,0,0
2025-02-17,Whatsapp,SEM_Marca_Derivada,0,1,0,1,0,0,0,0,0,0,1,0
2025-02-17,Whatsapp,SEM_Marca_Pura,2,0,0,0,0,0,2,0,0,1,1,1
2025-02-17,Whatsapp,Terceros,0,0,0,0,0,0,0,0,0,1,0,0
2025-02-17,Youtube,,0,0,0,0,0,0,0,0,0,0,0,0
2025-02-18,Barrido,,0,0,0,0,0,0,0,0,0,1,10,0
2025-02-18,Display,,6,14,3,3,0,0,3,990.5,1020.2,2,2,3
2025-02-18,Manual,,0,0,0,0,0,0,0,0,0,45,87,35
2025-02-18,Organico,,105,355,57,66,0,0,190,0,0,42,79,38
2025-02-18,Otros_Origenes,,0,0,0,0,0,0,0,0,0,5,10,4
2025-02-18,Paid_Social,,62,6,25,1,0,0,5,4919.3,4919.3,6,12,5
2025-02-18,Pmax,,5,8,2,6,0,0,2,262.3,270.2,2,4,1
2025-02-18,Resto,,1,0,1,0,0,0,0,0,0,0,0,0
2025-02-18,SEM_Competencia,,7,0,1,0,0,0,0,55.6,55.6,0,1,0
2025-02-18,SEM_Generico,,17,45,10,14,0,0,5,3540.2,3646.4,7,13,8
2025-02-18,SEM_Marca_Derivada,,23,209,17,43,0,0,113,3442,3545.3,15,28,12
2025-02-18,SEM_Marca_Pura,,109,108,59,27,0,0,51,3540.7,3646.9,10,26,8
2025-02-18,Terceros,,170,9,58,3,0,0,8,2372.3,2372.3,13,19,1
2025-02-18,Whatsapp,Whatsapp,4,0,2,0,0,0,0,0,0,0,0,0
2025-02-18,Whatsapp,Organico,7,0,4,0,0,0,1,0,0,0,0,0
2025-02-18,Whatsapp,Paid_Social,11,0,9,0,0,0,0,0,0,2,3,0
2025-02-18,Whatsapp,SEM_Competencia,3,0,0,0,0,0,0,0,0,0,0,0
2025-02-18,Whatsapp,SEM_Marca_Pura,6,1,4,1,0,0,0,0,0,0,4,1
2025-02-18,Whatsapp,Terceros,0,0,0,0,0,0,0,0,0,0,0,1
2025-02-18,Youtube,,0,0,0,0,0,0,0,0,0,0,0,0
2025-02-19,Barrido,,0,0,0,0,0,0,0,0,0,0,1,0
2025-02-19,Display,,7,9,3,2,0,0,2,964,992.9,1,3,0
2025-02-19,Manual,,0,0,0,0,0,0,0,0,0,42,68,40
2025-02-19,Organico,,77,326,43,58,0,0,152,0,0,29,66,24
2025-02-19,Otros_Origenes,,0,0,0,0,0,0,0,0,0,6,15,9
2025-02-19,Paid_Social,,62,5,31,2,0,0,1,5167.8,5167.8,4,16,3
2025-02-19,Pmax,,0,11,0,2,0,0,2,270.2,278.3,2,0,1
2025-02-19,SEM_Competencia,,1,1,1,0,0,0,0,66,66,0,0,0
2025-02-19,SEM_Generico,,22,42,15,11,0,0,3,3920.1,4037.7,6,13,2
2025-02-19,SEM_Marca_Derivada,,22,203,16,34,0,0,118,3467.7,3571.7,12,32,22
2025-02-19,SEM_Marca_Pura,,99,89,54,24,0,0,39,3352.7,3453.3,15,19,7
2025-02-19,Terceros,,184,1,29,1,0,0,10,1498.3,1498.3,2,10,6
2025-02-19,Whatsapp,Whatsapp,3,0,1,0,0,0,0,0,0,0,1,0
2025-02-19,Whatsapp,Paid_Social,8,0,4,0,0,0,1,0,0,3,2,1
2025-02-19,Whatsapp,SEM_Marca_Derivada,3,0,2,0,0,0,0,0,0,0,0,0
2025-02-19,Whatsapp,SEM_Marca_Pura,3,1,3,1,0,0,0,0,0,1,1,0
2025-02-19,Whatsapp,Terceros,2,0,0,0,0,0,0,0,0,0,0,0
2025-02-19,Youtube,,0,4,0,0,0,0,1,0,0,0,0,0
2025-02-20,Barrido,,0,0,0,0,0,0,0,0,0,1,1,0
2025-02-20,Display,,5,20,2,8,0,0,2,550,566.5,3,4,2
2025-02-20,Manual,,0,0,0,0,0,0,0,0,0,39,87,28
2025-02-20,Organico,,85,330,50,63,0,0,179,0,0,37,65,28
2025-02-20,Otros_Origenes,,0,0,0,0,0,0,0,0,0,5,7,5
2025-02-20,Paid_Social,,55,3,24,1,0,0,0,4025.5,4025.5,3,13,2
2025-02-20,Pmax,,4,6,2,2,0,0,5,233.7,240.7,1,0,3
2025-02-20,SEM_Competencia,,2,0,0,0,0,0,0,34,34,0,0,0
2025-02-20,SEM_Generico,,28,37,12,13,0,0,3,3804.3,3918.4,9,13,9
2025-02-20,SEM_Marca_Derivada,,28,147,21,25,0,0,85,3053.9,3145.5,14,19,11
2025-02-20,SEM_Marca_Pura,,95,94,54,25,0,0,50,3093.4,3186.2,10,25,8
2025-02-20,Terceros,,144,5,35,0,0,0,7,1563.3,1563.3,6,8,4
2025-02-20,Whatsapp,Whatsapp,2,0,1,0,0,0,0,0,0,0,0,0
2025-02-20,Whatsapp,Paid_Social,3,2,1,2,0,0,0,0,0,0,1,0
2025-02-20,Whatsapp,SEM_Marca_Pura,1,0,1,0,0,0,0,0,0,3,0,2
2025-02-20,Whatsapp,Terceros,5,0,1,0,0,0,0,0,0,0,0,0
2025-02-20,Youtube,,1,0,0,0,0,0,0,0,0,0,0,0
2025-02-21,Barrido,,0,0,0,0,0,0,0,0,0,0,0,1
2025-02-21,Display,,1,15,1,7,0,0,4,449.1,462.6,0,3,0
2025-02-21,Manual,,0,0,0,0,0,0,0,0,0,50,84,36
2025-02-21,Organico,,92,284,43,43,0,0,142,0,0,40,54,32
2025-02-21,Otros_Origenes,,0,0,0,0,0,0,0,0,0,6,6,6
2025-02-21,Paid_Social,,41,2,17,2,0,0,1,3452.8,3452.8,8,11,4
2025-02-21,Pmax,,6,5,4,1,0,0,2,160.3,165.1,0,2,1
2025-02-21,SEM_Competencia,,2,3,1,0,0,0,0,54.8,54.8,0,0,0
2025-02-21,SEM_Generico,,13,45,10,13,0,0,6,3508.4,3613.7,7,10,8
2025-02-21,SEM_Marca_Derivada,,13,155,9,28,0,0,91,2863.7,2949.6,21,20,11
2025-02-21,SEM_Marca_Pura,,85,92,36,32,0,0,44,2672,2752.2,13,20,12
2025-02-21,Terceros,,102,6,26,0,0,0,3,1196.3,1196.3,6,9,2
2025-02-21,Whatsapp,Whatsapp,3,0,1,0,0,0,0,0,0,0,1,0
2025-02-21,Whatsapp,Organico,4,0,4,0,0,0,0,0,0,0,1,0
2025-02-21,Whatsapp,Paid_Social,3,0,2,0,0,0,0,0,0,0,0,2
2025-02-21,Whatsapp,SEM_Marca_Derivada,2,0,2,0,0,0,0,0,0,0,1,0
2025-02-21,Whatsapp,SEM_Marca_Pura,2,1,2,1,0,0,0,0,0,0,1,2
2025-02-21,Whatsapp,Terceros,3,0,2,0,0,0,0,0,0,0,0,0
2025-02-21,Youtube,,0,4,0,0,0,0,0,0,0,0,0,0
2025-02-22,Display,,2,9,1,1,0,0,1,232.4,239.4,0,0,0
2025-02-22,Manual,,0,0,0,0,0,0,0,0,0,13,17,13
2025-02-22,Organico,,55,109,24,16,0,0,69,0,0,14,25,11
2025-02-22,Otros_Origenes,,0,0,0,0,0,0,0,0,0,0,1,2
2025-02-22,Paid_Social,,41,2,16,0,0,0,0,2875.6,2875.6,4,9,2
2025-02-22,Pmax,,2,2,1,0,0,0,2,1,1,0,0,1
2025-02-22,Resto,,0,0,0,0,0,0,0,0,0,0,0,0
2025-02-22,SEM_Competencia,,0,0,0,0,0,0,0,32.8,32.8,0,0,0
2025-02-22,SEM_Generico,,15,20,7,9,0,0,4,2827.5,2912.3,0,7,1
2025-02-22,SEM_Marca_Derivada,,19,56,12,6,0,0,26,1810,1864.3,4,8,4
2025-02-22,SEM_Marca_Pura,,59,32,23,10,0,0,12,1488.8,1533.5,6,11,7
2025-02-22,Terceros,,100,0,13,0,0,0,4,786.3,786.3,2,4,1
2025-02-22,Whatsapp,Whatsapp,3,0,1,0,0,0,0,0,0,1,1,0
2025-02-22,Whatsapp,Paid_Social,7,1,5,1,0,0,0,0,0,0,0,0
2025-02-22,Whatsapp,SEM_Marca_Derivada,1,0,1,0,0,0,0,0,0,0,0,0
2025-02-22,Whatsapp,SEM_Marca_Pura,4,0,1,0,0,0,2,0,0,0,1,0
2025-02-22,Whatsapp,Terceros,3,0,0,0,0,0,0,0,0,0,0,0
2025-02-22,Youtube,,0,0,0,0,0,0,0,0,0,0,0,0
2025-02-23,Display,,0,0,0,0,0,0,0,69.6,71.7,0,0,0
2025-02-23,Manual,,0,0,0,0,0,0,0,0,0,4,11,2
2025-02-23,Organico,,40,67,13,10,0,0,29,0,0,3,13,3
2025-02-23,Otros_Origenes,,0,0,0,0,0,0,0,0,0,0,1,0
2025-02-23,Paid_Social,,47,2,16,0,0,0,1,3826.1,3826.1,2,10,0
2025-02-23,Resto,,1,0,1,0,0,0,0,0,0,0,1,0
2025-02-23,SEM_Competencia,,1,0,1,0,0,0,0,0,0,0,1,0
2025-02-23,SEM_Generico,,9,1,0,1,0,0,1,0,0,1,1,0
2025-02-23,SEM_Marca_Derivada,,14,46,8,9,0,0,25,2013,2073.4,2,7,0
2025-02-23,SEM_Marca_Pura,,41,13,18,4,0,0,11,1311.6,1350.9,1,8,1
2025-02-23,Terceros,,91,2,14,1,0,0,4,693.3,693.3,0,0,0
2025-02-23,Whatsapp,Whatsapp,3,0,1,0,0,0,0,0,0,0,0,0
2025-02-23,Whatsapp,Paid_Social,5,0,4,0,0,0,1,0,0,0,1,0
2025-02-23,Whatsapp,SEM_Marca_Pura,2,0,0,0,0,0,0,0,0,0,0,0
